models,n_models,best_weights_ROC,ROC_AUC,best_weights_ACC,Accuracy,F1_like
logreg+xgb,2,[0.5 0.5],0.9028942799999999,[0.5 0.5],0.8316,0.865781907620935
logreg+lgbm,2,[0.5 0.5],0.9028014400000001,[0.5 0.5],0.8322,0.866064247610077
logreg+lgbm+xgb,3,[0.333 0.333 0.333],0.9026526400000001,[0.333 0.333 0.333],0.832,0.8658874741400675
lgbm+xgb,2,[0.5 0.5],0.9005787599999999,[0.5 0.5],0.8286,0.8630912867979016
